epoch,train_epoch_time(min),train_lr,train_loss,train_loss_aux,eval_loss,eval_top1,eval_top5,eval_loss_ema,eval_top1_ema,eval_top5_ema
57,49.4,2.3404319177043873e-05,3.291832576195399,3.6764926413695016,0.9197647894382477,79.27200053710938,94.84600045166016,0.9332001846313477,79.30799962158203,94.88000089111328
58,49.1,1.5964286417792334e-05,3.260545492172241,3.6302488644917807,0.9404603543281556,79.35399968261719,94.90800080566406,0.930290082359314,79.32199957275391,94.91200085449219
59,49.3,1.149209403595774e-05,3.261625796556473,3.6509570876757302,0.9349063755512238,79.37999965820312,94.90800072021484,0.929723889541626,79.34000032958984,94.94000042724609
60,49.7,1e-05,3.1530194679896035,3.526771197716395,0.9402374307632446,79.36799940185547,94.92600031738282,0.929082045507431,79.36400017089844,94.94200087890626
61,50.1,1e-05,3.1678353548049927,3.5394576589266458,0.924228883600235,79.44599990234374,94.93800080566406,0.9285625304222107,79.42400002441406,94.97000070800782
62,49.4,1e-05,3.1243876616160073,3.492553879817327,0.9267710470676422,79.36399989013672,94.94400047607422,0.9257760856628418,79.42399936523438,94.94800109863282
63,49.4,1e-05,3.1833868424097695,3.5581198732058206,0.9307807763576508,79.37400037841797,94.95600076904297,0.9247020836830139,79.4659999633789,94.94600092773437
64,49.4,1e-05,3.2234530448913574,3.6013871332009635,0.9437768600940705,79.4539994506836,94.93800057373046,0.9262740016460419,79.47999959716797,94.94200047607421
