epoch,train_epoch_time(min),train_lr,train_loss,train_loss_aux,eval_loss,eval_top1,eval_top5,eval_loss_ema,eval_top1_ema,eval_top5_ema
0,49.9,1e-06,2.88263471921285,3.665499041477839,0.7938855346679687,82.74600034179687,96.27800051269531,0.8000824916362762,82.65999974365235,96.2900003173828
1,50.1,0.0007298333333333334,3.530600647131602,4.065117398897807,1.1283764087677002,73.98600005493164,92.3680001586914,0.9205935128688812,81.30400036621094,95.79800106201172
